{"train/loss": 1.2161, "train/learning_rate": 2.2694063926940642e-05, "train/epoch": 0.73, "train/global_step": 4000, "_timestamp": 1681837661.4826589, "_runtime": 7526.186595916748, "_step": 7}